id, type, login, gravatar_id, url, avatar_url, name, push_id, created_at 
7872447, User, codeforseoul, , https://api.github.com/orgs/codeforseoul, https://avatars.githubusercontent.com/u/7872447?, question, created, 2014-11-24T07:23:20Z
7872447, User, codeforseoul, , https://api.github.com/orgs/codeforseoul, https://avatars.githubusercontent.com/u/7872447?, codeforseoul/seoulproblems, created, 2014-11-24T07:07:38Z
7872447, PushEvent, codeforseoul, , https://api.github.com/orgs/codeforseoul, https://avatars.githubusercontent.com/u/7872447?, Hoony, Jang, 508622815, 2014-11-24T07:05:15Z
7872447, User, codeforseoul, , https://api.github.com/orgs/codeforseoul, https://avatars.githubusercontent.com/u/7872447?, codeforseoul/seoulproblems, opened, 2014-11-24T07:00:09Z
7872447, PushEvent, codeforseoul, , https://api.github.com/orgs/codeforseoul, https://avatars.githubusercontent.com/u/7872447?, yoseo, 508377294, 2014-11-23T19:37:04Z
7872447, User, codeforseoul, , https://api.github.com/orgs/codeforseoul, https://avatars.githubusercontent.com/u/7872447?, 신규구현, created, 2014-11-23T17:36:22Z
7872447, PushEvent, codeforseoul, , https://api.github.com/orgs/codeforseoul, https://avatars.githubusercontent.com/u/7872447?, yoseo, 508335839, 2014-11-23T17:31:44Z
2830742, PushEvent, peace-code, , https://api.github.com/orgs/peace-code, https://avatars.githubusercontent.com/u/2830742?, ohyeon, 508301741, 2014-11-23T15:46:06Z
7872447, PushEvent, codeforseoul, , https://api.github.com/orgs/codeforseoul, https://avatars.githubusercontent.com/u/7872447?, Yeongtaek Hong, 508301437, 2014-11-23T15:45:03Z
7872447, PushEvent, codeforseoul, , https://api.github.com/orgs/codeforseoul, https://avatars.githubusercontent.com/u/7872447?, Yeongtaek Hong, 508300802, 2014-11-23T15:43:00Z
2830742, PushEvent, peace-code, , https://api.github.com/orgs/peace-code, https://avatars.githubusercontent.com/u/2830742?, ohyeon, 508298238, 2014-11-23T15:34:41Z
2830742, CreateEvent, peace-code, , https://api.github.com/orgs/peace-code, https://avatars.githubusercontent.com/u/2830742?, peace-code/udt, master, 2014-11-23T15:29:21Z
2830742, CreateEvent, peace-code, , https://api.github.com/orgs/peace-code, https://avatars.githubusercontent.com/u/2830742?, peace-code/udt, repository, 2014-11-23T15:29:00Z
2830742, GollumEvent, peace-code, , https://api.github.com/orgs/peace-code, https://avatars.githubusercontent.com/u/2830742?, peace-code/peace-code.github.io, idea, 2014-11-23T15:05:16Z
2830742, GollumEvent, peace-code, , https://api.github.com/orgs/peace-code, https://avatars.githubusercontent.com/u/2830742?, peace-code/peace-code.github.io, idea, 2014-11-23T15:05:03Z
7872447, User, codeforseoul, , https://api.github.com/orgs/codeforseoul, https://avatars.githubusercontent.com/u/7872447?, seoul_serenity, closed, 2014-11-23T14:48:42Z
7872447, PushEvent, codeforseoul, , https://api.github.com/orgs/codeforseoul, https://avatars.githubusercontent.com/u/7872447?, Hoony, Jang, 508284498, 2014-11-23T14:48:42Z
7872447, Organization, codeforseoul, , https://api.github.com/orgs/codeforseoul, https://avatars.githubusercontent.com/u/7872447?, seoul_serenity, opened, 2014-11-23T14:48:36Z
7872447, PushEvent, codeforseoul, , https://api.github.com/orgs/codeforseoul, https://avatars.githubusercontent.com/u/7872447?, thechunsik, 508284114, 2014-11-23T14:47:28Z
7872447, PushEvent, codeforseoul, , https://api.github.com/orgs/codeforseoul, https://avatars.githubusercontent.com/u/7872447?, thechunsik, 508283406, 2014-11-23T14:45:02Z
7872447, User, codeforseoul, , https://api.github.com/orgs/codeforseoul, https://avatars.githubusercontent.com/u/7872447?, codeforseoul/seoul_serenity, https://github.com/yoseo, 2014-11-23T14:19:42Z
2830742, PushEvent, peace-code, , https://api.github.com/orgs/peace-code, https://avatars.githubusercontent.com/u/2830742?, Yeongtaek Hong, 508274147, 2014-11-23T14:11:46Z
2830742, PushEvent, peace-code, , https://api.github.com/orgs/peace-code, https://avatars.githubusercontent.com/u/2830742?, Yeongtaek Hong, 508273947, 2014-11-23T14:11:02Z
7872447, PushEvent, codeforseoul, , https://api.github.com/orgs/codeforseoul, https://avatars.githubusercontent.com/u/7872447?, yoseo, 508271924, 2014-11-23T14:03:24Z
2830742, PushEvent, peace-code, , https://api.github.com/orgs/peace-code, https://avatars.githubusercontent.com/u/2830742?, Yeongtaek Hong, 508271456, 2014-11-23T14:01:36Z
7872447, PushEvent, codeforseoul, , https://api.github.com/orgs/codeforseoul, https://avatars.githubusercontent.com/u/7872447?, yoseo, 508268887, 2014-11-23T13:52:10Z
2830742, PushEvent, peace-code, , https://api.github.com/orgs/peace-code, https://avatars.githubusercontent.com/u/2830742?, Yeongtaek Hong, 508267515, 2014-11-23T13:47:00Z
2830742, PushEvent, peace-code, , https://api.github.com/orgs/peace-code, https://avatars.githubusercontent.com/u/2830742?, Yeongtaek Hong, 508267514, 2014-11-23T13:47:00Z
2830742, User, peace-code, , https://api.github.com/orgs/peace-code, https://avatars.githubusercontent.com/u/2830742?, peace-code/peace-code.github.io, closed, 2014-11-23T13:18:53Z
2830742, User, peace-code, , https://api.github.com/orgs/peace-code, https://avatars.githubusercontent.com/u/2830742?, peace-code/peace-code.github.io, created, 2014-11-23T13:18:53Z
2830742, PushEvent, peace-code, , https://api.github.com/orgs/peace-code, https://avatars.githubusercontent.com/u/2830742?, Yeongtaek Hong, 508249285, 2014-11-23T12:32:44Z
2830742, PushEvent, peace-code, , https://api.github.com/orgs/peace-code, https://avatars.githubusercontent.com/u/2830742?, Yeongtaek Hong, 508249221, 2014-11-23T12:32:24Z
2830742, PushEvent, peace-code, , https://api.github.com/orgs/peace-code, https://avatars.githubusercontent.com/u/2830742?, Yeongtaek Hong, 508247896, 2014-11-23T12:26:29Z
2830742, CreateEvent, peace-code, , https://api.github.com/orgs/peace-code, https://avatars.githubusercontent.com/u/2830742?, peace-code/peace-code.github.io, develop, 2014-11-23T12:22:51Z
7872447, PushEvent, codeforseoul, , https://api.github.com/orgs/codeforseoul, https://avatars.githubusercontent.com/u/7872447?, Hoony, Jang, 508246999, 2014-11-23T12:22:20Z
7872447, PushEvent, codeforseoul, , https://api.github.com/orgs/codeforseoul, https://avatars.githubusercontent.com/u/7872447?, Hoony, Jang, 508244444, 2014-11-23T12:10:32Z
7872447, User, codeforseoul, , https://api.github.com/orgs/codeforseoul, https://avatars.githubusercontent.com/u/7872447?, seoul_serenity, closed, 2014-11-23T12:10:32Z
7872447, Organization, codeforseoul, , https://api.github.com/orgs/codeforseoul, https://avatars.githubusercontent.com/u/7872447?, seoul_serenity, opened, 2014-11-23T12:10:23Z
7872447, CreateEvent, codeforseoul, , https://api.github.com/orgs/codeforseoul, https://avatars.githubusercontent.com/u/7872447?, codeforseoul/seoul_serenity, dev, 2014-11-23T12:10:06Z
2830742, PushEvent, peace-code, , https://api.github.com/orgs/peace-code, https://avatars.githubusercontent.com/u/2830742?, wagurano, 508238195, 2014-11-23T11:41:13Z
2830742, User, peace-code, , https://api.github.com/orgs/peace-code, https://avatars.githubusercontent.com/u/2830742?, peace-code/peace-code.github.io, created, 2014-11-23T10:24:28Z
2830742, GollumEvent, peace-code, , https://api.github.com/orgs/peace-code, https://avatars.githubusercontent.com/u/2830742?, peace-code/peace-code.github.io, history, 2014-11-23T10:18:04Z
2830742, GollumEvent, peace-code, , https://api.github.com/orgs/peace-code, https://avatars.githubusercontent.com/u/2830742?, peace-code/peace-code.github.io, history, 2014-11-23T10:16:56Z
2830742, GollumEvent, peace-code, , https://api.github.com/orgs/peace-code, https://avatars.githubusercontent.com/u/2830742?, peace-code/peace-code.github.io, 2014-11-23, 2014-11-23T10:15:22Z
2830742, GollumEvent, peace-code, , https://api.github.com/orgs/peace-code, https://avatars.githubusercontent.com/u/2830742?, peace-code/peace-code.github.io, _Sidebar, 2014-11-23T04:48:31Z
2830742, GollumEvent, peace-code, , https://api.github.com/orgs/peace-code, https://avatars.githubusercontent.com/u/2830742?, peace-code/peace-code.github.io, history, 2014-11-23T04:48:02Z
2830742, GollumEvent, peace-code, , https://api.github.com/orgs/peace-code, https://avatars.githubusercontent.com/u/2830742?, peace-code/peace-code.github.io, Home, 2014-11-23T04:47:52Z
2830742, GollumEvent, peace-code, , https://api.github.com/orgs/peace-code, https://avatars.githubusercontent.com/u/2830742?, peace-code/peace-code.github.io, Home, 2014-11-23T04:47:42Z
2830742, GollumEvent, peace-code, , https://api.github.com/orgs/peace-code, https://avatars.githubusercontent.com/u/2830742?, peace-code/peace-code.github.io, meeting-note, 2014-11-23T04:31:02Z
2830742, GollumEvent, peace-code, , https://api.github.com/orgs/peace-code, https://avatars.githubusercontent.com/u/2830742?, peace-code/peace-code.github.io, _Sidebar, 2014-11-23T04:30:04Z
2830742, GollumEvent, peace-code, , https://api.github.com/orgs/peace-code, https://avatars.githubusercontent.com/u/2830742?, peace-code/peace-code.github.io, _Sidebar, 2014-11-23T04:29:21Z
2830742, GollumEvent, peace-code, , https://api.github.com/orgs/peace-code, https://avatars.githubusercontent.com/u/2830742?, peace-code/peace-code.github.io, _Sidebar, 2014-11-23T04:29:08Z
2258984, User, teampopong, , https://api.github.com/orgs/teampopong, https://avatars.githubusercontent.com/u/2258984?, teampopong/pokr.kr, created, 2014-11-22T11:44:51Z
2258984, PushEvent, teampopong, , https://api.github.com/orgs/teampopong, https://avatars.githubusercontent.com/u/2258984?, Lucy Park, 507879710, 2014-11-22T11:18:05Z
2258984, PushEvent, teampopong, , https://api.github.com/orgs/teampopong, https://avatars.githubusercontent.com/u/2258984?, popong-web, 507429135, 2014-11-21T18:11:30Z
7872447, User, codeforseoul, , https://api.github.com/orgs/codeforseoul, https://avatars.githubusercontent.com/u/7872447?, 버그, created, 2014-11-21T01:32:29Z
2258984, PushEvent, teampopong, , https://api.github.com/orgs/teampopong, https://avatars.githubusercontent.com/u/2258984?, popong-web, 506388643, 2014-11-20T18:11:23Z
7872447, User, codeforseoul, , https://api.github.com/orgs/codeforseoul, https://avatars.githubusercontent.com/u/7872447?, 버그, created, 2014-11-20T17:51:36Z
7872447, User, codeforseoul, , https://api.github.com/orgs/codeforseoul, https://avatars.githubusercontent.com/u/7872447?, suggestion, created, 2014-11-20T16:47:26Z
7872447, User, codeforseoul, , https://api.github.com/orgs/codeforseoul, https://avatars.githubusercontent.com/u/7872447?, suggestion, opened, 2014-11-20T16:22:20Z
7872447, WatchEvent, codeforseoul, , https://api.github.com/orgs/codeforseoul, https://avatars.githubusercontent.com/u/7872447?, codeforseoul/seoulproblems, started, 2014-11-20T12:06:27Z
2258984, Organization, teampopong, , https://api.github.com/orgs/teampopong, https://avatars.githubusercontent.com/u/2258984?, crawlers, opened, 2014-11-20T07:05:32Z
2258984, User, teampopong, , https://api.github.com/orgs/teampopong, https://avatars.githubusercontent.com/u/2258984?, teampopong/crawlers, opened, 2014-11-20T07:04:32Z
7872447, PushEvent, codeforseoul, , https://api.github.com/orgs/codeforseoul, https://avatars.githubusercontent.com/u/7872447?, blim, 505647790, 2014-11-20T00:54:43Z
2258984, PushEvent, teampopong, , https://api.github.com/orgs/teampopong, https://avatars.githubusercontent.com/u/2258984?, popong-web, 505290783, 2014-11-19T18:11:20Z
7872447, PushEvent, codeforseoul, , https://api.github.com/orgs/codeforseoul, https://avatars.githubusercontent.com/u/7872447?, Yeongtaek Hong, 505087395, 2014-11-19T15:01:57Z
2258984, User, teampopong, , https://api.github.com/orgs/teampopong, https://avatars.githubusercontent.com/u/2258984?, incorrect data, created, 2014-11-19T10:02:26Z
2258984, User, teampopong, , https://api.github.com/orgs/teampopong, https://avatars.githubusercontent.com/u/2258984?, incorrect data, created, 2014-11-19T10:00:39Z
7872447, PushEvent, codeforseoul, , https://api.github.com/orgs/codeforseoul, https://avatars.githubusercontent.com/u/7872447?, thechunsik, 504800373, 2014-11-19T09:15:07Z
2258984, PushEvent, teampopong, , https://api.github.com/orgs/teampopong, https://avatars.githubusercontent.com/u/2258984?, popong-web, 504186993, 2014-11-18T18:11:20Z
2258984, PushEvent, teampopong, , https://api.github.com/orgs/teampopong, https://avatars.githubusercontent.com/u/2258984?, popong-web, 503080820, 2014-11-17T18:11:46Z
2258984, PushEvent, teampopong, , https://api.github.com/orgs/teampopong, https://avatars.githubusercontent.com/u/2258984?, Cheol Kang, 502533578, 2014-11-17T06:53:41Z
2258984, User, teampopong, , https://api.github.com/orgs/teampopong, https://avatars.githubusercontent.com/u/2258984?, teampopong/crawlers, closed, 2014-11-17T00:54:07Z
2258984, User, teampopong, , https://api.github.com/orgs/teampopong, https://avatars.githubusercontent.com/u/2258984?, teampopong/crawlers, created, 2014-11-17T00:54:07Z
2258984, PushEvent, teampopong, , https://api.github.com/orgs/teampopong, https://avatars.githubusercontent.com/u/2258984?, popong-web, 501340685, 2014-11-14T18:11:12Z
2258984, User, teampopong, , https://api.github.com/orgs/teampopong, https://avatars.githubusercontent.com/u/2258984?, committee_list, created, 2014-11-14T11:55:52Z
2258984, User, teampopong, , https://api.github.com/orgs/teampopong, https://avatars.githubusercontent.com/u/2258984?, committee_list, closed, 2014-11-14T11:55:52Z
2258984, User, teampopong, , https://api.github.com/orgs/teampopong, https://avatars.githubusercontent.com/u/2258984?, teampopong/crawlers, created, 2014-11-14T11:49:19Z
2258984, User, teampopong, , https://api.github.com/orgs/teampopong, https://avatars.githubusercontent.com/u/2258984?, teampopong/crawlers, created, 2014-11-14T11:47:32Z
2258984, Organization, teampopong, , https://api.github.com/orgs/teampopong, https://avatars.githubusercontent.com/u/2258984?, crawlers, closed, 2014-11-14T11:47:32Z
2258984, PushEvent, teampopong, , https://api.github.com/orgs/teampopong, https://avatars.githubusercontent.com/u/2258984?, Lucy Park, 501001438, 2014-11-14T11:45:08Z
2258984, WatchEvent, teampopong, , https://api.github.com/orgs/teampopong, https://avatars.githubusercontent.com/u/2258984?, teampopong/infographics, started, 2014-11-14T09:42:06Z
2258984, WatchEvent, teampopong, , https://api.github.com/orgs/teampopong, https://avatars.githubusercontent.com/u/2258984?, teampopong/pokr.kr-db, started, 2014-11-14T09:41:46Z
2258984, WatchEvent, teampopong, , https://api.github.com/orgs/teampopong, https://avatars.githubusercontent.com/u/2258984?, teampopong/codenamu2014, started, 2014-11-14T09:41:40Z
2258984, WatchEvent, teampopong, , https://api.github.com/orgs/teampopong, https://avatars.githubusercontent.com/u/2258984?, teampopong/pokrbot, started, 2014-11-14T09:41:26Z
2258984, WatchEvent, teampopong, , https://api.github.com/orgs/teampopong, https://avatars.githubusercontent.com/u/2258984?, teampopong/codenamu2013, started, 2014-11-14T09:04:57Z
2258984, User, teampopong, , https://api.github.com/orgs/teampopong, https://avatars.githubusercontent.com/u/2258984?, teampopong/pokrbot, opened, 2014-11-14T06:14:33Z
2258984, User, teampopong, , https://api.github.com/orgs/teampopong, https://avatars.githubusercontent.com/u/2258984?, teampopong/crawlers, opened, 2014-11-14T06:07:53Z
2258984, PushEvent, teampopong, , https://api.github.com/orgs/teampopong, https://avatars.githubusercontent.com/u/2258984?, Cheol Kang, 500777915, 2014-11-14T05:24:43Z
2258984, User, teampopong, , https://api.github.com/orgs/teampopong, https://avatars.githubusercontent.com/u/2258984?, teampopong/crawlers, opened, 2014-11-14T04:44:07Z
